{
  "builder_name": "parquet",
  "citation": "",
  "config_name": "plain_text",
  "dataset_name": "imdb",
  "dataset_size": 133202802,
  "description": "",
  "download_checksums": {
    "hf://datasets/imdb@e6281661ce1c48d982bc483cf8a173c1bbeb5d31/plain_text/train-00000-of-00001.parquet": {
      "num_bytes": 20979968,
      "checksum": null
    },
    "hf://datasets/imdb@e6281661ce1c48d982bc483cf8a173c1bbeb5d31/plain_text/test-00000-of-00001.parquet": {
      "num_bytes": 20470363,
      "checksum": null
    },
    "hf://datasets/imdb@e6281661ce1c48d982bc483cf8a173c1bbeb5d31/plain_text/unsupervised-00000-of-00001.parquet": {
      "num_bytes": 41996509,
      "checksum": null
    }
  },
  "download_size": 83446840,
  "features": {
    "text": {
      "dtype": "string",
      "_type": "Value"
    },
    "label": {
      "names": [
        "neg",
        "pos"
      ],
      "_type": "ClassLabel"
    }
  },
  "homepage": "",
  "license": "",
  "size_in_bytes": 216649642,
  "splits": {
    "train": {
      "name": "train",
      "num_bytes": 33435948,
      "num_examples": 25000,
      "dataset_name": "imdb"
    },
    "test": {
      "name": "test",
      "num_bytes": 32653810,
      "num_examples": 25000,
      "dataset_name": "imdb"
    },
    "unsupervised": {
      "name": "unsupervised",
      "num_bytes": 67113044,
      "num_examples": 50000,
      "dataset_name": "imdb"
    }
  },
  "version": {
    "version_str": "0.0.0",
    "major": 0,
    "minor": 0,
    "patch": 0
  }
}